{
    "loss": 8.691434860229492,
    "accuracy": 0.8500000238418579
}