{
    "loss": 9.138240814208984,
    "accuracy": 0.8166666626930237
}