{
    "loss": 4.346409320831299,
    "accuracy": 0.6041666865348816
}